date,close
8/12/2022,4280.15
8/11/2022,4207.27
8/10/2022,4210.24
8/9/2022,4122.47
8/8/2022,4140.06
8/5/2022,4145.19
8/4/2022,4151.94
8/3/2022,4155.17
8/2/2022,4091.19
8/1/2022,4118.63
7/29/2022,4130.29
7/28/2022,4072.43
7/27/2022,4023.61
7/26/2022,3921.05
7/25/2022,3966.84
7/22/2022,3961.63
7/21/2022,3998.95
7/20/2022,3959.9
7/19/2022,3936.69
7/18/2022,3830.85
7/15/2022,3863.16
7/14/2022,3790.38
7/13/2022,3801.78
7/12/2022,3818.8
7/11/2022,3854.43
7/8/2022,3899.38
7/7/2022,3902.62
7/6/2022,3845.08
7/5/2022,3831.39
7/1/2022,3825.33
6/30/2022,3785.38
6/29/2022,3818.83
6/28/2022,3821.55
6/27/2022,3900.11
6/24/2022,3911.74
6/23/2022,3795.73
6/22/2022,3759.89
6/21/2022,3764.79
6/17/2022,3674.84
6/16/2022,3666.77
6/15/2022,3789.99
6/14/2022,3735.48
6/13/2022,3749.63
6/10/2022,3900.86
6/9/2022,4017.82
6/8/2022,4115.77
6/7/2022,4160.68
6/6/2022,4121.43
6/3/2022,4108.54
6/2/2022,4176.82
6/1/2022,4101.23
5/31/2022,4132.15
5/27/2022,4158.24
5/26/2022,4057.84
5/25/2022,3978.73
5/24/2022,3941.48
5/23/2022,3973.75
5/20/2022,3901.36
5/19/2022,3900.79
5/18/2022,3923.68
5/17/2022,4088.85
5/16/2022,4008.01
5/13/2022,4023.89
5/12/2022,3930.08
5/11/2022,3935.18
5/10/2022,4001.05
5/9/2022,3991.24
5/6/2022,4123.34
5/5/2022,4146.87
5/4/2022,4300.17
5/3/2022,4175.48
5/2/2022,4155.38
4/29/2022,4131.93
4/28/2022,4287.5
4/27/2022,4183.96
4/26/2022,4175.2
4/25/2022,4296.12
4/22/2022,4271.78
4/21/2022,4393.66
4/20/2022,4459.45
4/19/2022,4462.21
4/18/2022,4391.69
4/14/2022,4392.59
4/13/2022,4446.59
4/12/2022,4397.45
4/11/2022,4412.53
4/8/2022,4488.28
4/7/2022,4500.21
4/6/2022,4481.15
4/5/2022,4525.12
4/4/2022,4582.64
4/1/2022,4545.86
3/31/2022,4530.41
3/30/2022,4602.45
3/29/2022,4631.6
3/28/2022,4575.52
3/25/2022,4543.06
3/24/2022,4520.16
3/23/2022,4456.24
3/22/2022,4511.61
3/21/2022,4461.18
3/18/2022,4463.12
3/17/2022,4411.67
3/16/2022,4357.86
3/15/2022,4262.45
3/14/2022,4173.11
3/11/2022,4204.31
3/10/2022,4259.52
3/9/2022,4277.88
3/8/2022,4170.7
3/7/2022,4201.09
3/4/2022,4328.87
3/3/2022,4363.49
3/2/2022,4386.54
3/1/2022,4306.26
2/28/2022,4373.94
2/25/2022,4384.65
2/24/2022,4288.7
2/23/2022,4225.5
2/22/2022,4304.76
2/18/2022,4348.87
2/17/2022,4380.26
2/16/2022,4475.01
2/15/2022,4471.07
2/14/2022,4401.67
2/11/2022,4418.64
2/10/2022,4504.08
2/9/2022,4587.18
2/8/2022,4521.54
2/7/2022,4483.87
2/4/2022,4500.53
2/3/2022,4477.44
2/2/2022,4589.38
2/1/2022,4546.54
1/31/2022,4515.55
1/28/2022,4431.85
1/27/2022,4326.51
1/26/2022,4349.93
1/25/2022,4356.45
1/24/2022,4410.13
1/21/2022,4397.94
1/20/2022,4482.73
1/19/2022,4532.76
1/18/2022,4577.11
1/14/2022,4662.85
1/13/2022,4659.03
1/12/2022,4726.35
1/11/2022,4713.07
1/10/2022,4670.29
1/7/2022,4677.03
1/6/2022,4696.05
1/5/2022,4700.58
1/4/2022,4793.54
1/3/2022,4796.56
12/31/2021,4766.18
12/30/2021,4778.73
12/29/2021,4793.06
12/28/2021,4786.35
12/27/2021,4791.19
12/23/2021,4725.79
12/22/2021,4696.56
12/21/2021,4649.23
12/20/2021,4568.02
12/17/2021,4620.64
12/16/2021,4668.67
12/15/2021,4709.85
12/14/2021,4634.09
12/13/2021,4668.97
12/10/2021,4712.02
12/9/2021,4667.45
12/8/2021,4701.21
12/7/2021,4686.75
12/6/2021,4591.67
12/3/2021,4538.43
12/2/2021,4577.1
12/1/2021,4513.04
11/30/2021,4567
11/29/2021,4655.27
11/26/2021,4594.62
11/24/2021,4701.46
11/23/2021,4690.7
11/22/2021,4682.94
11/19/2021,4697.96
11/18/2021,4704.54
11/17/2021,4688.67
11/16/2021,4700.9
11/15/2021,4682.8
11/12/2021,4682.85
11/11/2021,4649.27
11/10/2021,4646.71
11/9/2021,4685.25
11/8/2021,4701.7
11/5/2021,4697.53
11/4/2021,4680.06
11/3/2021,4660.57
11/2/2021,4630.65
11/1/2021,4613.67
10/29/2021,4605.38
10/28/2021,4596.42
10/27/2021,4551.68
10/26/2021,4574.79
10/25/2021,4566.48
10/22/2021,4544.9
10/21/2021,4549.78
10/20/2021,4536.19
10/19/2021,4519.63
10/18/2021,4486.46
10/15/2021,4471.37
10/14/2021,4438.26
10/13/2021,4363.8
10/12/2021,4350.65
10/11/2021,4361.19
10/8/2021,4391.34
10/7/2021,4399.76
10/6/2021,4363.55
10/5/2021,4345.72
10/4/2021,4300.46
10/1/2021,4357.04
9/30/2021,4307.54
9/29/2021,4359.46
9/28/2021,4352.63
9/27/2021,4443.11
9/24/2021,4455.48
9/23/2021,4448.98
9/22/2021,4395.64
9/21/2021,4354.19
9/20/2021,4357.73
9/17/2021,4432.99
9/16/2021,4473.75
9/15/2021,4480.7
9/14/2021,4443.05
9/13/2021,4468.73
9/10/2021,4458.58
9/9/2021,4493.28
9/8/2021,4514.07
9/7/2021,4520.03
9/3/2021,4535.43
9/2/2021,4536.95
9/1/2021,4524.09
8/31/2021,4522.68
8/30/2021,4528.79
8/27/2021,4509.37
8/26/2021,4470
8/25/2021,4496.19
8/24/2021,4486.23
8/23/2021,4479.53
8/20/2021,4441.67
8/19/2021,4405.8
8/18/2021,4400.27
8/17/2021,4448.08
8/16/2021,4479.71
8/13/2021,4468
8/12/2021,4460.83
8/11/2021,4447.7
8/10/2021,4436.75
8/9/2021,4432.35
8/6/2021,4436.52
8/5/2021,4429.1
8/4/2021,4402.66
8/3/2021,4423.15
8/2/2021,4387.16
7/30/2021,4395.26
7/29/2021,4419.15
7/28/2021,4400.64
7/27/2021,4401.46
7/26/2021,4422.3
7/23/2021,4411.79
7/22/2021,4367.48
7/21/2021,4358.69
7/20/2021,4323.06
7/19/2021,4258.49
7/16/2021,4327.16
7/15/2021,4360.03
7/14/2021,4374.3
7/13/2021,4369.21
7/12/2021,4384.63
7/9/2021,4369.55
7/8/2021,4320.82
7/7/2021,4358.13
7/6/2021,4343.54
7/2/2021,4352.34
7/1/2021,4319.94
6/30/2021,4297.5
6/29/2021,4291.8
6/28/2021,4290.61
6/25/2021,4280.7
6/24/2021,4266.49
6/23/2021,4241.84
6/22/2021,4246.44
6/21/2021,4224.79
6/18/2021,4166.45
6/17/2021,4221.86
6/16/2021,4223.7
6/15/2021,4246.59
6/14/2021,4255.15
6/11/2021,4247.44
6/10/2021,4239.18
6/9/2021,4219.55
6/8/2021,4227.26
6/7/2021,4226.52
6/4/2021,4229.89
6/3/2021,4192.85
6/2/2021,4208.12
6/1/2021,4202.04
5/28/2021,4204.11
5/27/2021,4200.88
5/26/2021,4195.99
5/25/2021,4188.13
5/24/2021,4197.05
5/21/2021,4155.86
5/20/2021,4159.12
5/19/2021,4115.68
5/18/2021,4127.83
5/17/2021,4163.29
5/14/2021,4173.85
5/13/2021,4112.5
5/12/2021,4063.04
5/11/2021,4152.1
5/10/2021,4188.43
5/7/2021,4232.6
5/6/2021,4201.62
5/5/2021,4167.59
5/4/2021,4164.66
5/3/2021,4192.66
4/30/2021,4181.17
4/29/2021,4211.47
4/28/2021,4183.18
4/27/2021,4186.72
4/26/2021,4187.62
4/23/2021,4180.17
4/22/2021,4134.98
4/21/2021,4173.42
4/20/2021,4134.94
4/19/2021,4163.26
4/16/2021,4185.47
4/15/2021,4170.42
4/14/2021,4124.66
4/13/2021,4141.59
4/12/2021,4127.99
4/9/2021,4128.8
4/8/2021,4097.17
4/7/2021,4079.95
4/6/2021,4073.94
4/5/2021,4077.91
4/1/2021,4019.87
3/31/2021,3972.89
3/30/2021,3958.55
3/29/2021,3971.09
3/26/2021,3974.54
3/25/2021,3909.52
3/24/2021,3889.14
3/23/2021,3910.52
3/22/2021,3940.59
3/19/2021,3913.1
3/18/2021,3915.46
3/17/2021,3974.12
3/16/2021,3962.71
3/15/2021,3968.94
3/12/2021,3943.34
3/11/2021,3939.34
3/10/2021,3898.81
3/9/2021,3875.44
3/8/2021,3821.35
3/5/2021,3841.94
3/4/2021,3768.47
3/3/2021,3819.72
3/2/2021,3870.29
3/1/2021,3901.82
2/26/2021,3811.15
2/25/2021,3829.34
2/24/2021,3925.43
2/23/2021,3881.37
2/22/2021,3876.5
2/19/2021,3906.71
2/18/2021,3913.97
2/17/2021,3931.33
2/16/2021,3932.59
2/12/2021,3934.83
2/11/2021,3916.38
2/10/2021,3909.88
2/9/2021,3911.23
2/8/2021,3915.59
2/5/2021,3886.83
2/4/2021,3871.74
2/3/2021,3830.17
2/2/2021,3826.31
2/1/2021,3773.86
1/29/2021,3714.24
1/28/2021,3787.38
1/27/2021,3750.77
1/26/2021,3849.62
1/25/2021,3855.36
1/22/2021,3841.47
1/21/2021,3853.07
1/20/2021,3851.85
1/19/2021,3798.91
1/15/2021,3768.25
1/14/2021,3795.54
1/13/2021,3809.84
1/12/2021,3801.19
1/11/2021,3799.61
1/8/2021,3824.68
1/7/2021,3803.79
1/6/2021,3748.14
1/5/2021,3726.86
1/4/2021,3700.65
12/31/2020,3756.07
12/30/2020,3732.04
12/29/2020,3727.04
12/28/2020,3735.36
12/24/2020,3703.06
12/23/2020,3690.01
12/22/2020,3687.26
12/21/2020,3694.92
12/18/2020,3709.41
12/17/2020,3722.48
12/16/2020,3701.17
12/15/2020,3694.62
12/14/2020,3647.49
12/11/2020,3663.46
12/10/2020,3668.1
12/9/2020,3672.82
12/8/2020,3702.25
12/7/2020,3691.96
12/4/2020,3699.12
12/3/2020,3666.72
12/2/2020,3669.01
12/1/2020,3662.45
11/30/2020,3621.63
11/27/2020,3638.35
11/25/2020,3629.65
11/24/2020,3635.41
11/23/2020,3577.59
11/20/2020,3557.54
11/19/2020,3581.87
11/18/2020,3567.79
11/17/2020,3609.53
11/16/2020,3626.91
11/13/2020,3585.15
11/12/2020,3537.01
11/11/2020,3572.66
11/10/2020,3545.53
11/9/2020,3550.5
11/6/2020,3509.44
11/5/2020,3510.45
11/4/2020,3443.44
11/3/2020,3369.02
11/2/2020,3310.24
10/30/2020,3269.96
10/29/2020,3310.11
10/28/2020,3271.03
10/27/2020,3390.68
10/26/2020,3400.97
10/23/2020,3465.39
10/22/2020,3453.49
10/21/2020,3435.56
10/20/2020,3443.12
10/19/2020,3426.92
10/16/2020,3483.81
10/15/2020,3483.34
10/14/2020,3488.67
10/13/2020,3511.93
10/12/2020,3534.22
10/9/2020,3477.13
10/8/2020,3446.83
10/7/2020,3419.45
10/6/2020,3360.95
10/5/2020,3408.63
10/2/2020,3348.44
10/1/2020,3380.8
9/30/2020,3363
9/29/2020,3335.47
9/28/2020,3351.6
9/25/2020,3298.46
9/24/2020,3246.59
9/23/2020,3236.92
9/22/2020,3315.57
9/21/2020,3281.06
9/18/2020,3319.47
9/17/2020,3357.01
9/16/2020,3385.49
9/15/2020,3401.2
9/14/2020,3383.54
9/11/2020,3340.97
9/10/2020,3339.19
9/9/2020,3398.96
9/8/2020,3331.84
9/4/2020,3426.96
9/3/2020,3455.06
9/2/2020,3580.84
9/1/2020,3526.65
8/31/2020,3500.31
8/28/2020,3508.01
8/27/2020,3484.55
8/26/2020,3478.73
8/25/2020,3443.62
8/24/2020,3431.28
8/21/2020,3397.16
8/20/2020,3385.51
8/19/2020,3374.85
8/18/2020,3389.78
8/17/2020,3381.99
8/14/2020,3372.85
8/13/2020,3373.43
8/12/2020,3380.35
8/11/2020,3333.69
8/10/2020,3360.47
8/7/2020,3351.28
8/6/2020,3349.16
8/5/2020,3327.77
8/4/2020,3306.51
8/3/2020,3294.61
7/31/2020,3271.12
7/30/2020,3246.22
7/29/2020,3258.44
7/28/2020,3218.44
7/27/2020,3239.41
7/24/2020,3215.63
7/23/2020,3235.66
7/22/2020,3276.02
7/21/2020,3257.3
7/20/2020,3251.84
7/17/2020,3224.73
7/16/2020,3215.57
7/15/2020,3226.56
7/14/2020,3197.52
7/13/2020,3155.22
7/10/2020,3185.04
7/9/2020,3152.05
7/8/2020,3169.94
7/7/2020,3145.32
7/6/2020,3179.72
7/2/2020,3130.01
7/1/2020,3115.86
6/30/2020,3100.29
6/29/2020,3053.24
6/26/2020,3009.05
6/25/2020,3083.76
6/24/2020,3050.33
6/23/2020,3131.29
6/22/2020,3117.86
6/19/2020,3097.74
6/18/2020,3115.34
6/17/2020,3113.49
6/16/2020,3124.74
6/15/2020,3066.59
6/12/2020,3041.31
6/11/2020,3002.1
6/10/2020,3190.14
6/9/2020,3207.18
6/8/2020,3232.39
6/5/2020,3193.93
6/4/2020,3112.35
6/3/2020,3122.87
6/2/2020,3080.82
6/1/2020,3055.73
5/29/2020,3044.31
5/28/2020,3029.73
5/27/2020,3036.13
5/26/2020,2991.77
5/22/2020,2955.45
5/21/2020,2948.51
5/20/2020,2971.61
5/19/2020,2922.94
5/18/2020,2953.91
5/15/2020,2863.7
5/14/2020,2852.5
5/13/2020,2820
5/12/2020,2870.12
5/11/2020,2930.32
5/8/2020,2929.8
5/7/2020,2881.19
5/6/2020,2848.42
5/5/2020,2868.44
5/4/2020,2842.74
5/1/2020,2830.71
4/30/2020,2912.43
4/29/2020,2939.51
4/28/2020,2863.39
4/27/2020,2878.48
4/24/2020,2836.74
4/23/2020,2797.8
4/22/2020,2799.31
4/21/2020,2736.56
4/20/2020,2823.16
4/17/2020,2874.56
4/16/2020,2799.55
4/15/2020,2783.36
4/14/2020,2846.06
4/13/2020,2761.63
4/9/2020,2789.82
4/8/2020,2749.98
4/7/2020,2659.41
4/6/2020,2663.68
4/3/2020,2488.65
4/2/2020,2526.9
4/1/2020,2470.5
3/31/2020,2584.59
3/30/2020,2626.65
3/27/2020,2541.47
3/26/2020,2630.07
3/25/2020,2475.56
3/24/2020,2447.33
3/23/2020,2237.4
3/20/2020,2304.92
3/19/2020,2409.39
3/18/2020,2398.1
3/17/2020,2529.19
3/16/2020,2386.13
3/13/2020,2711.02
3/12/2020,2480.64
3/11/2020,2741.38
3/10/2020,2882.23
3/9/2020,2746.56
3/6/2020,2972.37
3/5/2020,3023.94
3/4/2020,3130.12
3/3/2020,3003.37
3/2/2020,3090.23
2/28/2020,2954.22
2/27/2020,2978.76
2/26/2020,3116.39
2/25/2020,3128.21
2/24/2020,3225.89
2/21/2020,3337.75
2/20/2020,3373.23
2/19/2020,3386.15
2/18/2020,3370.29
2/14/2020,3380.16
2/13/2020,3373.94
2/12/2020,3379.45
2/11/2020,3357.75
2/10/2020,3352.09
2/7/2020,3327.71
2/6/2020,3345.78
2/5/2020,3334.69
2/4/2020,3297.59
2/3/2020,3248.92
1/31/2020,3225.52
1/30/2020,3283.66
1/29/2020,3273.4
1/28/2020,3276.24
1/27/2020,3243.63
1/24/2020,3295.47
1/23/2020,3325.54
1/22/2020,3321.75
1/21/2020,3320.79
1/17/2020,3329.62
1/16/2020,3316.81
1/15/2020,3289.29
1/14/2020,3283.15
1/13/2020,3288.13
1/10/2020,3265.35
1/9/2020,3274.7
1/8/2020,3253.05
1/7/2020,3237.18
1/6/2020,3246.28
1/3/2020,3234.85
1/2/2020,3257.85
12/31/2019,3230.78
12/30/2019,3221.29
12/27/2019,3240.02
12/26/2019,3239.91
12/24/2019,3223.38
12/23/2019,3224.01
12/20/2019,3221.22
12/19/2019,3205.37
12/18/2019,3191.14
12/17/2019,3192.52
12/16/2019,3191.45
12/13/2019,3168.8
12/12/2019,3168.57
12/11/2019,3141.63
12/10/2019,3132.52
12/9/2019,3135.96
12/6/2019,3145.91
12/5/2019,3117.43
12/4/2019,3112.76
12/3/2019,3093.2
12/2/2019,3113.87
11/29/2019,3140.98
11/27/2019,3153.63
11/26/2019,3140.52
11/25/2019,3133.64
11/22/2019,3110.29
11/21/2019,3103.54
11/20/2019,3108.46
11/19/2019,3120.18
11/18/2019,3122.03
11/15/2019,3120.46
11/14/2019,3096.63
11/13/2019,3094.04
11/12/2019,3091.84
11/11/2019,3087.01
11/8/2019,3093.08
11/7/2019,3085.18
11/6/2019,3076.78
11/5/2019,3074.62
11/4/2019,3078.27
11/1/2019,3066.91
10/31/2019,3037.56
10/30/2019,3046.77
10/29/2019,3036.89
10/28/2019,3039.42
10/25/2019,3022.55
10/24/2019,3010.29
10/23/2019,3004.52
10/22/2019,2995.99
10/21/2019,3006.72
10/18/2019,2986.2
10/17/2019,2997.95
10/16/2019,2989.69
10/15/2019,2995.68
10/14/2019,2966.15
10/11/2019,2970.27
10/10/2019,2938.13
10/9/2019,2919.4
10/8/2019,2893.06
10/7/2019,2938.79
10/4/2019,2952.01
10/3/2019,2910.63
10/2/2019,2887.61
10/1/2019,2940.25
9/30/2019,2976.74
9/27/2019,2961.79
9/26/2019,2977.62
9/25/2019,2984.87
9/24/2019,2966.6
9/23/2019,2991.78
9/20/2019,2992.07
9/19/2019,3006.79
9/18/2019,3006.73
9/17/2019,3005.7
9/16/2019,2997.96
9/13/2019,3007.39
9/12/2019,3009.57
9/11/2019,3000.93
9/10/2019,2979.39
9/9/2019,2978.43
9/6/2019,2978.71
9/5/2019,2976
9/4/2019,2937.78
9/3/2019,2906.27
8/30/2019,2926.46
8/29/2019,2924.58
8/28/2019,2887.94
8/27/2019,2869.16
8/26/2019,2878.38
8/23/2019,2847.11
8/22/2019,2922.95
8/21/2019,2924.43
8/20/2019,2900.51
8/19/2019,2923.65
8/16/2019,2888.68
8/15/2019,2847.6
8/14/2019,2840.6
8/13/2019,2926.32
8/12/2019,2883.09
8/9/2019,2918.65
8/8/2019,2938.09
8/7/2019,2883.98
8/6/2019,2881.77
8/5/2019,2844.74
8/2/2019,2932.05
8/1/2019,2953.56
7/31/2019,2980.38
7/30/2019,3013.18
7/29/2019,3020.97
7/26/2019,3025.86
7/25/2019,3003.67
7/24/2019,3019.56
7/23/2019,3005.47
7/22/2019,2985.03
7/19/2019,2976.61
7/18/2019,2995.11
7/17/2019,2984.42
7/16/2019,3004.04
7/15/2019,3014.3
7/12/2019,3013.77
7/11/2019,2999.91
7/10/2019,2993.07
7/9/2019,2979.63
7/8/2019,2975.95
7/5/2019,2990.41
7/3/2019,2995.82
7/2/2019,2973.01
7/1/2019,2964.33
6/28/2019,2941.76
6/27/2019,2924.92
6/26/2019,2913.78
6/25/2019,2917.38
6/24/2019,2945.35
6/21/2019,2950.46
6/20/2019,2954.18
6/19/2019,2926.46
6/18/2019,2917.75
6/17/2019,2889.67
6/14/2019,2886.98
6/13/2019,2891.64
6/12/2019,2879.84
6/11/2019,2885.72
6/10/2019,2886.73
6/7/2019,2873.34
6/6/2019,2843.49
6/5/2019,2826.15
6/4/2019,2803.27
6/3/2019,2744.45
5/31/2019,2752.06
5/30/2019,2788.86
5/29/2019,2783.02
5/28/2019,2802.39
5/24/2019,2826.06
5/23/2019,2822.24
5/22/2019,2856.27
5/21/2019,2864.36
5/20/2019,2840.23
5/17/2019,2859.53
5/16/2019,2876.32
5/15/2019,2850.96
5/14/2019,2834.41
5/13/2019,2811.87
5/10/2019,2881.4
5/9/2019,2870.72
5/8/2019,2879.42
5/7/2019,2884.05
5/6/2019,2932.47
5/3/2019,2945.64
5/2/2019,2917.52
5/1/2019,2923.73
4/30/2019,2945.83
4/29/2019,2943.03
4/26/2019,2939.88
4/25/2019,2926.17
4/24/2019,2927.25
4/23/2019,2933.68
4/22/2019,2907.97
4/18/2019,2905.03
4/17/2019,2900.45
4/16/2019,2907.06
4/15/2019,2905.58
4/12/2019,2907.41
4/11/2019,2888.32
4/10/2019,2888.21
4/9/2019,2878.2
4/8/2019,2895.77
4/5/2019,2892.74
4/4/2019,2879.39
4/3/2019,2873.4
4/2/2019,2867.24
4/1/2019,2867.19
3/29/2019,2834.4
3/28/2019,2815.44
3/27/2019,2805.37
3/26/2019,2818.46
3/25/2019,2798.36
3/22/2019,2800.71
3/21/2019,2854.88
3/20/2019,2824.23
3/19/2019,2832.57
3/18/2019,2832.94
3/15/2019,2822.48
3/14/2019,2808.48
3/13/2019,2810.92
3/12/2019,2791.52
3/11/2019,2783.3
3/8/2019,2743.07
3/7/2019,2748.93
3/6/2019,2771.45
3/5/2019,2789.65
3/4/2019,2792.81
3/1/2019,2803.69
2/28/2019,2784.49
2/27/2019,2792.38
2/26/2019,2793.9
2/25/2019,2796.11
2/22/2019,2792.67
2/21/2019,2774.88
2/20/2019,2784.7
2/19/2019,2779.76
2/15/2019,2775.6
2/14/2019,2745.73
2/13/2019,2753.03
2/12/2019,2744.73
2/11/2019,2709.8
2/8/2019,2707.88
2/7/2019,2706.05
2/6/2019,2731.61
2/5/2019,2737.7
2/4/2019,2724.87
2/1/2019,2706.53
1/31/2019,2704.1
1/30/2019,2681.05
1/29/2019,2640
1/28/2019,2643.85
1/25/2019,2664.76
1/24/2019,2642.33
1/23/2019,2638.7
1/22/2019,2632.9
1/18/2019,2670.71
1/17/2019,2635.96
1/16/2019,2616.1
1/15/2019,2610.3
1/14/2019,2582.61
1/11/2019,2596.26
1/10/2019,2596.64
1/9/2019,2584.96
1/8/2019,2574.41
1/7/2019,2549.69
1/4/2019,2531.94
1/3/2019,2447.89
1/2/2019,2510.03
12/31/2018,2506.85
12/28/2018,2485.74
12/27/2018,2488.83
12/26/2018,2467.7
12/24/2018,2351.1
12/21/2018,2416.62
12/20/2018,2467.42
12/19/2018,2506.96
12/18/2018,2546.16
12/17/2018,2545.94
12/14/2018,2599.95
12/13/2018,2650.54
12/12/2018,2651.07
12/11/2018,2636.78
12/10/2018,2637.72
12/7/2018,2633.08
12/6/2018,2695.95
12/4/2018,2700.06
12/3/2018,2790.37
11/30/2018,2760.17
11/29/2018,2737.76
11/28/2018,2743.79
11/27/2018,2682.17
11/26/2018,2673.45
11/23/2018,2632.56
11/21/2018,2649.93
11/20/2018,2641.89
11/19/2018,2690.73
11/16/2018,2736.27
11/15/2018,2730.2
11/14/2018,2701.58
11/13/2018,2722.18
11/12/2018,2726.22
11/9/2018,2781.01
11/8/2018,2806.83
11/7/2018,2813.89
11/6/2018,2755.45
11/5/2018,2738.31
11/2/2018,2723.06
11/1/2018,2740.37
10/31/2018,2711.74
10/30/2018,2682.63
10/29/2018,2641.25
10/26/2018,2658.69
10/25/2018,2705.57
10/24/2018,2656.1
10/23/2018,2740.69
10/22/2018,2755.88
10/19/2018,2767.78
10/18/2018,2768.78
10/17/2018,2809.21
10/16/2018,2809.92
10/15/2018,2750.79
10/12/2018,2767.13
10/11/2018,2728.37
10/10/2018,2785.68
10/9/2018,2880.34
10/8/2018,2884.43
10/5/2018,2885.57
10/4/2018,2901.61
10/3/2018,2925.51
10/2/2018,2923.43
10/1/2018,2924.59
9/28/2018,2913.98
9/27/2018,2914
9/26/2018,2905.97
9/25/2018,2915.56
9/24/2018,2919.37
9/21/2018,2929.67
9/20/2018,2930.75
9/19/2018,2907.95
9/18/2018,2904.31
9/17/2018,2888.8
9/14/2018,2904.98
9/13/2018,2904.18
9/12/2018,2888.92
9/11/2018,2887.89
9/10/2018,2877.13
9/7/2018,2871.68
9/6/2018,2878.05
9/5/2018,2888.6
9/4/2018,2896.72
8/31/2018,2901.52
8/30/2018,2901.13
8/29/2018,2914.04
8/28/2018,2897.52
8/27/2018,2896.74
8/24/2018,2874.69
8/23/2018,2856.98
8/22/2018,2861.82
8/21/2018,2862.96
8/20/2018,2857.05
8/17/2018,2850.13
8/16/2018,2840.69
8/15/2018,2818.37
8/14/2018,2839.96
8/13/2018,2821.93
8/10/2018,2833.28
8/9/2018,2853.58
8/8/2018,2857.7
8/7/2018,2858.45
8/6/2018,2850.4
8/3/2018,2840.35
8/2/2018,2827.22
8/1/2018,2813.36
7/31/2018,2816.29
7/30/2018,2802.6
7/27/2018,2818.82
7/26/2018,2837.44
7/25/2018,2846.07
7/24/2018,2820.4
7/23/2018,2806.98
7/20/2018,2801.83
7/19/2018,2804.49
7/18/2018,2815.62
7/17/2018,2809.55
7/16/2018,2798.43
7/13/2018,2801.31
7/12/2018,2798.29
7/11/2018,2774.02
7/10/2018,2793.84
7/9/2018,2784.17
7/6/2018,2759.82
7/5/2018,2736.61
7/3/2018,2713.22
7/2/2018,2726.71
6/29/2018,2718.37
6/28/2018,2716.31
6/27/2018,2699.63
6/26/2018,2723.06
6/25/2018,2717.07
6/22/2018,2754.88
6/21/2018,2749.76
6/20/2018,2767.32
6/19/2018,2762.59
6/18/2018,2773.75
6/15/2018,2779.66
6/14/2018,2782.49
6/13/2018,2775.63
6/12/2018,2786.85
6/11/2018,2782
6/8/2018,2779.03
6/7/2018,2770.37
6/6/2018,2772.35
6/5/2018,2748.8
6/4/2018,2746.87
6/1/2018,2734.62
5/31/2018,2705.27
5/30/2018,2724.01
5/29/2018,2689.86
5/25/2018,2721.33
5/24/2018,2727.76
5/23/2018,2733.29
5/22/2018,2724.44
5/21/2018,2733.01
5/18/2018,2712.97
5/17/2018,2720.13
5/16/2018,2722.46
5/15/2018,2711.45
5/14/2018,2730.13
5/11/2018,2727.72
5/10/2018,2723.07
5/9/2018,2697.79
5/8/2018,2671.92
5/7/2018,2672.63
5/4/2018,2663.42
5/3/2018,2629.73
5/2/2018,2635.67
5/1/2018,2654.8
4/30/2018,2648.05
4/27/2018,2669.91
4/26/2018,2666.94
4/25/2018,2639.4
4/24/2018,2634.56
4/23/2018,2670.29
4/20/2018,2670.14
4/19/2018,2693.13
4/18/2018,2708.64
4/17/2018,2706.39
4/16/2018,2677.84
4/13/2018,2656.3
4/12/2018,2663.99
4/11/2018,2642.19
4/10/2018,2656.87
4/9/2018,2613.16
4/6/2018,2604.47
4/5/2018,2662.84
4/4/2018,2644.69
4/3/2018,2614.45
4/2/2018,2581.88
3/29/2018,2640.87
3/28/2018,2605
3/27/2018,2612.62
3/26/2018,2658.55
3/23/2018,2588.26
3/22/2018,2643.69
3/21/2018,2711.93
3/20/2018,2716.94
3/19/2018,2712.92
3/16/2018,2752.01
3/15/2018,2747.33
3/14/2018,2749.48
3/13/2018,2765.31
3/12/2018,2783.02
3/9/2018,2786.57
3/8/2018,2738.97
3/7/2018,2726.8
3/6/2018,2728.12
3/5/2018,2720.94
3/2/2018,2691.25
3/1/2018,2677.67
2/28/2018,2713.83
2/27/2018,2744.28
2/26/2018,2779.6
2/23/2018,2747.3
2/22/2018,2703.96
2/21/2018,2701.33
2/20/2018,2716.26
2/16/2018,2732.22
2/15/2018,2731.2
2/14/2018,2698.63
2/13/2018,2662.94
2/12/2018,2656
2/9/2018,2619.55
2/8/2018,2581
2/7/2018,2681.66
2/6/2018,2695.14
2/5/2018,2648.94
2/2/2018,2762.13
2/1/2018,2821.98
1/31/2018,2823.81
1/30/2018,2822.43
1/29/2018,2853.53
1/26/2018,2872.87
1/25/2018,2839.25
1/24/2018,2837.54
1/23/2018,2839.13
1/22/2018,2832.97
1/19/2018,2810.3
1/18/2018,2798.03
1/17/2018,2802.56
1/16/2018,2776.42
1/12/2018,2786.24
1/11/2018,2767.56
1/10/2018,2748.23
1/9/2018,2751.29
1/8/2018,2747.71
1/5/2018,2743.15
1/4/2018,2723.99
1/3/2018,2713.06
1/2/2018,2695.81
12/29/2017,2673.61
12/28/2017,2687.54
12/27/2017,2682.62
12/26/2017,2680.5
12/22/2017,2683.34
12/21/2017,2684.57
12/20/2017,2679.25
12/19/2017,2681.47
12/18/2017,2690.16
12/15/2017,2675.81
12/14/2017,2652.01
12/13/2017,2662.85
12/12/2017,2664.11
12/11/2017,2659.99
12/8/2017,2651.5
12/7/2017,2636.98
12/6/2017,2629.27
12/5/2017,2629.57
12/4/2017,2639.44
12/1/2017,2642.22
11/30/2017,2647.58
11/29/2017,2626.07
11/28/2017,2627.04
11/27/2017,2601.42
11/24/2017,2602.42
11/22/2017,2597.08
11/21/2017,2599.03
11/20/2017,2582.14
11/17/2017,2578.85
11/16/2017,2585.64
11/15/2017,2564.62
11/14/2017,2578.87
11/13/2017,2584.84
11/10/2017,2582.3
11/9/2017,2584.62
11/8/2017,2594.38
11/7/2017,2590.64
11/6/2017,2591.13
11/3/2017,2587.84
11/2/2017,2579.85
11/1/2017,2579.36
10/31/2017,2575.26
10/30/2017,2572.83
10/27/2017,2581.07
10/26/2017,2560.4
10/25/2017,2557.15
10/24/2017,2569.13
10/23/2017,2564.98
10/20/2017,2575.21
10/19/2017,2562.1
10/18/2017,2561.26
10/17/2017,2559.36
10/16/2017,2557.64
10/13/2017,2553.17
10/12/2017,2550.93
10/11/2017,2555.24
10/10/2017,2550.64
10/9/2017,2544.73
10/6/2017,2549.33
10/5/2017,2552.07
10/4/2017,2537.74
10/3/2017,2534.58
10/2/2017,2529.12
9/29/2017,2519.36
9/28/2017,2510.06
9/27/2017,2507.04
9/26/2017,2496.84
9/25/2017,2496.66
9/22/2017,2502.22
9/21/2017,2500.6
9/20/2017,2508.24
9/19/2017,2506.65
9/18/2017,2503.87
9/15/2017,2500.23
9/14/2017,2495.62
9/13/2017,2498.37
9/12/2017,2496.48
9/11/2017,2488.11
9/8/2017,2461.43
9/7/2017,2465.1
9/6/2017,2465.54
9/5/2017,2457.85
9/1/2017,2476.55
8/31/2017,2471.65
8/30/2017,2457.59
8/29/2017,2446.3
8/28/2017,2444.24
8/25/2017,2443.05
8/24/2017,2438.97
8/23/2017,2444.04
8/22/2017,2452.51
8/21/2017,2428.37
8/18/2017,2425.55
8/17/2017,2430.01
8/16/2017,2468.11
8/15/2017,2464.61
8/14/2017,2465.84
8/11/2017,2441.32
8/10/2017,2438.21
8/9/2017,2474.02
8/8/2017,2474.92
8/7/2017,2480.91
8/4/2017,2476.83
8/3/2017,2472.16
8/2/2017,2477.57
8/1/2017,2476.35
7/31/2017,2470.3
7/28/2017,2472.1
7/27/2017,2475.42
7/26/2017,2477.83
7/25/2017,2477.13
7/24/2017,2469.91
7/21/2017,2472.54
7/20/2017,2473.45
7/19/2017,2473.83
7/18/2017,2460.61
7/17/2017,2459.14
7/14/2017,2459.27
7/13/2017,2447.83
7/12/2017,2443.25
7/11/2017,2425.53
7/10/2017,2427.43
7/7/2017,2425.18
7/6/2017,2409.75
7/5/2017,2432.54
7/3/2017,2429.01
6/30/2017,2423.41
6/29/2017,2419.7
6/28/2017,2440.69
6/27/2017,2419.38
6/26/2017,2439.07
6/23/2017,2438.3
6/22/2017,2434.5
6/21/2017,2435.61
6/20/2017,2437.03
6/19/2017,2453.46
6/16/2017,2433.15
6/15/2017,2432.46
6/14/2017,2437.92
6/13/2017,2440.35
6/12/2017,2429.39
6/9/2017,2431.77
6/8/2017,2433.79
6/7/2017,2433.14
6/6/2017,2429.33
6/5/2017,2436.1
6/2/2017,2439.07
6/1/2017,2430.06
5/31/2017,2411.8
5/30/2017,2412.91
5/26/2017,2415.82
5/25/2017,2415.07
5/24/2017,2404.39
5/23/2017,2398.42
5/22/2017,2394.02
5/19/2017,2381.73
5/18/2017,2365.72
5/17/2017,2357.03
5/16/2017,2400.67
5/15/2017,2402.32
5/12/2017,2390.9
5/11/2017,2394.44
5/10/2017,2399.63
5/9/2017,2396.92
5/8/2017,2399.38
5/5/2017,2399.29
5/4/2017,2389.52
5/3/2017,2388.13
5/2/2017,2391.17
5/1/2017,2388.33
4/28/2017,2384.2
4/27/2017,2388.77
4/26/2017,2387.45
4/25/2017,2388.61
4/24/2017,2374.15
4/21/2017,2348.69
4/20/2017,2355.84
4/19/2017,2338.17
4/18/2017,2342.19
4/17/2017,2349.01
4/13/2017,2328.95
4/12/2017,2344.93
4/11/2017,2353.78
4/10/2017,2357.16
4/7/2017,2355.54
4/6/2017,2357.49
4/5/2017,2352.95
4/4/2017,2360.16
4/3/2017,2358.84
3/31/2017,2362.72
3/30/2017,2368.06
3/29/2017,2361.13
3/28/2017,2358.57
3/27/2017,2341.59
3/24/2017,2343.98
3/23/2017,2345.96
3/22/2017,2348.45
3/21/2017,2344.02
3/20/2017,2373.47
3/17/2017,2378.25
3/16/2017,2381.38
3/15/2017,2385.26
3/14/2017,2365.45
3/13/2017,2373.47
3/10/2017,2372.6
3/9/2017,2364.87
3/8/2017,2362.98
3/7/2017,2368.39
3/6/2017,2375.31
3/3/2017,2383.12
3/2/2017,2381.92
3/1/2017,2395.96
2/28/2017,2363.64
2/27/2017,2369.75
2/24/2017,2367.34
2/23/2017,2363.81
2/22/2017,2362.82
2/21/2017,2365.38
2/17/2017,2351.16
2/16/2017,2347.22
2/15/2017,2349.25
2/14/2017,2337.58
2/13/2017,2328.25
2/10/2017,2316.1
2/9/2017,2307.87
2/8/2017,2294.67
2/7/2017,2293.08
2/6/2017,2292.56
2/3/2017,2297.42
2/2/2017,2280.85
2/1/2017,2279.55
1/31/2017,2278.87
1/30/2017,2280.9
1/27/2017,2294.69
1/26/2017,2296.68
1/25/2017,2298.37
1/24/2017,2280.07
1/23/2017,2265.2
1/20/2017,2271.31
1/19/2017,2263.69
1/18/2017,2271.89
1/17/2017,2267.89
1/13/2017,2274.64
1/12/2017,2270.44
1/11/2017,2275.32
1/10/2017,2268.9
1/9/2017,2268.9
1/6/2017,2276.98
1/5/2017,2269
1/4/2017,2270.75
1/3/2017,2257.83
12/30/2016,2238.83
12/29/2016,2249.26
12/28/2016,2249.92
12/27/2016,2268.88
12/23/2016,2263.79
12/22/2016,2260.96
12/21/2016,2265.18
12/20/2016,2270.76
12/19/2016,2262.53
12/16/2016,2258.07
12/15/2016,2262.03
12/14/2016,2253.28
12/13/2016,2271.72
12/12/2016,2256.96
12/9/2016,2259.53
12/8/2016,2246.19
12/7/2016,2241.35
12/6/2016,2212.23
12/5/2016,2204.71
12/2/2016,2191.95
12/1/2016,2191.08
11/30/2016,2198.81
11/29/2016,2204.66
11/28/2016,2201.72
11/25/2016,2213.35
11/23/2016,2204.72
11/22/2016,2202.94
11/21/2016,2198.18
11/18/2016,2181.9
11/17/2016,2187.12
11/16/2016,2176.94
11/15/2016,2180.39
11/14/2016,2164.2
11/11/2016,2164.45
11/10/2016,2167.48
11/9/2016,2163.26
11/8/2016,2139.56
11/7/2016,2131.52
11/4/2016,2085.18
11/3/2016,2088.66
11/2/2016,2097.94
11/1/2016,2111.72
10/31/2016,2126.15
10/28/2016,2126.41
10/27/2016,2133.04
10/26/2016,2139.43
10/25/2016,2143.16
10/24/2016,2151.33
10/21/2016,2141.16
10/20/2016,2141.34
10/19/2016,2144.29
10/18/2016,2139.6
10/17/2016,2126.5
10/14/2016,2132.98
10/13/2016,2132.55
10/12/2016,2139.18
10/11/2016,2136.73
10/10/2016,2163.66
10/7/2016,2153.74
10/6/2016,2160.77
10/5/2016,2159.73
10/4/2016,2150.49
10/3/2016,2161.2
9/30/2016,2168.27
9/29/2016,2151.13
9/28/2016,2171.37
9/27/2016,2159.93
9/26/2016,2146.1
9/23/2016,2164.69
9/22/2016,2177.18
9/21/2016,2163.12
9/20/2016,2139.76
9/19/2016,2139.12
9/16/2016,2139.16
9/15/2016,2147.26
9/14/2016,2125.77
9/13/2016,2127.02
9/12/2016,2159.04
9/9/2016,2127.81
9/8/2016,2181.3
9/7/2016,2186.16
9/6/2016,2186.48
9/2/2016,2179.98
9/1/2016,2170.86
8/31/2016,2170.95
8/30/2016,2176.12
8/29/2016,2180.38
8/26/2016,2169.04
8/25/2016,2172.47
8/24/2016,2175.44
8/23/2016,2186.9
8/22/2016,2182.64
8/19/2016,2183.87
8/18/2016,2187.02
8/17/2016,2182.22
8/16/2016,2178.15
8/15/2016,2190.15
8/12/2016,2184.05
8/11/2016,2185.79
8/10/2016,2175.49
8/9/2016,2181.74
8/8/2016,2180.89
8/5/2016,2182.87
8/4/2016,2164.25
8/3/2016,2163.79
8/2/2016,2157.03
8/1/2016,2170.84
7/29/2016,2173.6
7/28/2016,2170.06
7/27/2016,2166.58
7/26/2016,2169.18
7/25/2016,2168.48
7/22/2016,2175.03
7/21/2016,2165.17
7/20/2016,2173.02
7/19/2016,2163.78
7/18/2016,2166.89
7/15/2016,2161.74
7/14/2016,2163.75
7/13/2016,2152.43
7/12/2016,2152.14
7/11/2016,2137.16
7/8/2016,2129.9
7/7/2016,2097.9
7/6/2016,2099.73
7/5/2016,2088.55
7/1/2016,2102.95
6/30/2016,2098.86
6/29/2016,2070.77
6/28/2016,2036.09
6/27/2016,2000.54
6/24/2016,2037.41
6/23/2016,2113.32
6/22/2016,2085.45
6/21/2016,2088.9
6/20/2016,2083.25
6/17/2016,2071.22
6/16/2016,2077.99
6/15/2016,2071.5
6/14/2016,2075.32
6/13/2016,2079.06
6/10/2016,2096.07
6/9/2016,2115.48
6/8/2016,2119.12
6/7/2016,2112.13
6/6/2016,2109.41
6/3/2016,2099.13
6/2/2016,2105.26
6/1/2016,2099.33
5/31/2016,2096.96
5/27/2016,2099.06
5/26/2016,2090.1
5/25/2016,2090.54
5/24/2016,2076.06
5/23/2016,2048.04
5/20/2016,2052.32
5/19/2016,2040.04
5/18/2016,2047.63
5/17/2016,2047.21
5/16/2016,2066.66
5/13/2016,2046.61
5/12/2016,2064.11
5/11/2016,2064.46
5/10/2016,2084.39
5/9/2016,2058.69
5/6/2016,2057.14
5/5/2016,2050.63
5/4/2016,2051.12
5/3/2016,2063.37
5/2/2016,2081.43
4/29/2016,2065.3
4/28/2016,2075.81
4/27/2016,2095.15
4/26/2016,2091.7
4/25/2016,2087.79
4/22/2016,2091.58
4/21/2016,2091.48
4/20/2016,2102.4
4/19/2016,2100.8
4/18/2016,2094.34
4/15/2016,2080.73
4/14/2016,2082.78
4/13/2016,2082.42
4/12/2016,2061.72
4/11/2016,2041.99
4/8/2016,2047.6
4/7/2016,2041.91
4/6/2016,2066.66
4/5/2016,2045.17
4/4/2016,2066.13
4/1/2016,2072.78
3/31/2016,2059.74
3/30/2016,2063.95
3/29/2016,2055.01
3/28/2016,2037.05
3/24/2016,2035.94
3/23/2016,2036.71
3/22/2016,2049.8
3/21/2016,2051.6
3/18/2016,2049.58
3/17/2016,2040.59
3/16/2016,2027.22
3/15/2016,2015.93
3/14/2016,2019.64
3/11/2016,2022.19
3/10/2016,1989.57
3/9/2016,1989.26
3/8/2016,1979.26
3/7/2016,2001.76
3/4/2016,1999.99
3/3/2016,1993.4
3/2/2016,1986.45
3/1/2016,1978.35
2/29/2016,1932.23
2/26/2016,1948.05
2/25/2016,1951.7
2/24/2016,1929.8
2/23/2016,1921.27
2/22/2016,1945.5
2/19/2016,1917.78
2/18/2016,1917.83
2/17/2016,1926.82
2/16/2016,1895.58
2/12/2016,1864.78
2/11/2016,1829.08
2/10/2016,1851.86
2/9/2016,1852.21
2/8/2016,1853.44
2/5/2016,1880.05
2/4/2016,1915.45
2/3/2016,1912.53
2/2/2016,1903.03
2/1/2016,1939.38
1/29/2016,1940.24
1/28/2016,1893.36
1/27/2016,1882.95
1/26/2016,1903.63
1/25/2016,1877.08
1/22/2016,1906.9
1/21/2016,1868.99
1/20/2016,1859.33
1/19/2016,1881.33
1/15/2016,1880.33
1/14/2016,1921.84
1/13/2016,1890.28
1/12/2016,1938.68
1/11/2016,1923.67
1/8/2016,1922.03
1/7/2016,1943.09
1/6/2016,1990.26
1/5/2016,2016.71
1/4/2016,2012.66
12/31/2015,2043.94
12/30/2015,2063.36
12/29/2015,2078.36
12/28/2015,2056.5
12/25/2015,2060.99
12/24/2015,2060.99
12/23/2015,2064.29
12/22/2015,2038.97
12/21/2015,2021.15
12/18/2015,2005.55
12/17/2015,2041.89
12/16/2015,2073.07
12/15/2015,2043.41
12/14/2015,2021.94
12/11/2015,2012.37
12/10/2015,2052.23
12/9/2015,2047.62
12/8/2015,2063.59
12/7/2015,2077.07
12/4/2015,2091.69
12/3/2015,2049.62
12/2/2015,2079.51
12/1/2015,2102.63
11/30/2015,2080.41
11/27/2015,2090.11
11/26/2015,2088.87
11/25/2015,2088.87
11/24/2015,2089.14
11/23/2015,2086.59
11/20/2015,2089.17
11/19/2015,2081.24
11/18/2015,2083.58
11/17/2015,2050.44
11/16/2015,2053.19
11/13/2015,2023.04
11/12/2015,2045.97
11/11/2015,2075
11/10/2015,2081.72
11/9/2015,2078.58
11/6/2015,2099.2
11/5/2015,2099.93
11/4/2015,2102.31
11/3/2015,2109.79
11/2/2015,2104.05
10/30/2015,2079.36
10/29/2015,2089.41
10/28/2015,2090.35
10/27/2015,2065.89
10/26/2015,2071.18
10/23/2015,2075.15
10/22/2015,2052.51
10/21/2015,2018.94
10/20/2015,2030.77
10/19/2015,2033.66
10/16/2015,2033.11
10/15/2015,2023.86
10/14/2015,1994.24
10/13/2015,2003.69
10/12/2015,2017.46
10/9/2015,2014.89
10/8/2015,2013.43
10/7/2015,1995.83
10/6/2015,1979.92
10/5/2015,1987.05
10/2/2015,1951.36
10/1/2015,1923.82
9/30/2015,1920.03
9/29/2015,1884.09
9/28/2015,1881.77
9/25/2015,1931.34
9/24/2015,1932.24
9/23/2015,1938.76
9/22/2015,1942.74
9/21/2015,1966.97
9/18/2015,1958.03
9/17/2015,1990.2
9/16/2015,1995.31
9/15/2015,1978.09
9/14/2015,1953.03
9/11/2015,1961.05
9/10/2015,1952.29
9/9/2015,1942.04
9/8/2015,1969.41
9/7/2015,1921.22
9/4/2015,1921.22
9/3/2015,1951.13
9/2/2015,1948.86
9/1/2015,1913.85
8/31/2015,1972.18
8/28/2015,1988.87
8/27/2015,1987.66
8/26/2015,1940.51
8/25/2015,1867.61
8/24/2015,1893.21
8/21/2015,1970.89
8/20/2015,2035.73
8/19/2015,2079.61
8/18/2015,2096.92
8/17/2015,2102.44
8/14/2015,2091.54
8/13/2015,2083.39
8/12/2015,2086.05
8/11/2015,2084.07
8/10/2015,2104.18
8/7/2015,2077.57
8/6/2015,2083.56
8/5/2015,2099.84
8/4/2015,2093.32
8/3/2015,2098.04
7/31/2015,2103.84
7/30/2015,2108.63
7/29/2015,2108.57
7/28/2015,2093.25
7/27/2015,2067.64
7/24/2015,2079.65
7/23/2015,2102.15
7/22/2015,2114.15
7/21/2015,2119.21
7/20/2015,2128.28
7/17/2015,2126.64
7/16/2015,2124.29
7/15/2015,2107.4
7/14/2015,2108.95
7/13/2015,2099.6
7/10/2015,2076.62
7/9/2015,2051.31
7/8/2015,2046.68
7/7/2015,2081.34
7/6/2015,2068.76
7/3/2015,2076.78
7/2/2015,2076.78
7/1/2015,2077.42
6/30/2015,2063.11
6/29/2015,2057.64
6/26/2015,2101.49
6/25/2015,2102.31
6/24/2015,2108.58
6/23/2015,2124.2
6/22/2015,2122.85
6/19/2015,2109.99
6/18/2015,2121.24
6/17/2015,2100.44
6/16/2015,2096.29
6/15/2015,2084.43
6/12/2015,2094.11
6/11/2015,2108.86
6/10/2015,2105.2
6/9/2015,2080.15
6/8/2015,2079.28
6/5/2015,2092.83
6/4/2015,2095.84
6/3/2015,2114.07
6/2/2015,2109.6
6/1/2015,2111.73
5/29/2015,2107.39
5/28/2015,2120.79
5/27/2015,2123.48
5/26/2015,2104.2
5/25/2015,2126.06
5/22/2015,2126.06
5/21/2015,2130.82
5/20/2015,2125.85
5/19/2015,2127.83
5/18/2015,2129.2
5/15/2015,2122.73
5/14/2015,2121.1
5/13/2015,2098.48
5/12/2015,2099.12
5/11/2015,2105.33
5/8/2015,2116.1
5/7/2015,2088
5/6/2015,2080.15
5/5/2015,2089.46
5/4/2015,2114.49
5/1/2015,2108.29
4/30/2015,2085.51
4/29/2015,2106.85
4/28/2015,2114.76
4/27/2015,2108.92
4/24/2015,2117.69
4/23/2015,2112.93
4/22/2015,2107.96
4/21/2015,2097.29
4/20/2015,2100.4
4/17/2015,2081.18
4/16/2015,2104.99
4/15/2015,2106.63
4/14/2015,2095.84
4/13/2015,2092.43
4/10/2015,2102.06
4/9/2015,2091.18
4/8/2015,2081.9
4/7/2015,2076.33
4/6/2015,2080.62
4/3/2015,2066.96
4/2/2015,2066.96
4/1/2015,2059.69
3/31/2015,2067.89
3/30/2015,2086.24
3/27/2015,2061.02
3/26/2015,2056.15
3/25/2015,2061.05
3/24/2015,2091.5
3/23/2015,2104.42
3/20/2015,2108.1
3/19/2015,2089.27
3/18/2015,2099.5
3/17/2015,2074.28
3/16/2015,2081.19
3/13/2015,2053.4
3/12/2015,2065.95
3/11/2015,2040.24
3/10/2015,2044.16
3/9/2015,2079.43
3/6/2015,2071.26
3/5/2015,2101.04
3/4/2015,2098.53
3/3/2015,2107.78
3/2/2015,2117.39
2/27/2015,2104.5
2/26/2015,2110.74
2/25/2015,2113.86
2/24/2015,2115.48
2/23/2015,2109.66
2/20/2015,2110.3
2/19/2015,2097.45
2/18/2015,2099.68
2/17/2015,2100.34
2/16/2015,2096.99
2/13/2015,2096.99
2/12/2015,2088.48
2/11/2015,2068.53
2/10/2015,2068.59
2/9/2015,2046.74
2/6/2015,2055.47
2/5/2015,2062.52
2/4/2015,2041.51
2/3/2015,2050.03
2/2/2015,2020.85
1/30/2015,1994.99
1/29/2015,2021.25
1/28/2015,2002.16
1/27/2015,2029.55
1/26/2015,2057.09
1/23/2015,2051.82
1/22/2015,2063.15
1/21/2015,2032.12
1/20/2015,2022.55
1/19/2015,2019.42
1/16/2015,2019.42
1/15/2015,1992.67
1/14/2015,2011.27
1/13/2015,2023.03
1/12/2015,2028.26
1/9/2015,2044.81
1/8/2015,2062.14
1/7/2015,2025.9
1/6/2015,2002.61
1/5/2015,2020.58
1/2/2015,2058.2
1/1/2015,2058.9
12/31/2014,2058.9
12/30/2014,2080.35
12/29/2014,2090.57
12/26/2014,2088.77
12/25/2014,2081.88
12/24/2014,2081.88
12/23/2014,2082.17
12/22/2014,2078.54
12/19/2014,2070.65
12/18/2014,2061.23
12/17/2014,2012.89
12/16/2014,1972.74
12/15/2014,1989.63
12/12/2014,2002.33
12/11/2014,2035.33
12/10/2014,2026.14
12/9/2014,2059.82
12/8/2014,2060.31
12/5/2014,2075.37
12/4/2014,2071.92
12/3/2014,2074.33
12/2/2014,2066.55
12/1/2014,2053.44
11/28/2014,2067.56
11/27/2014,2072.83
11/26/2014,2072.83
11/25/2014,2067.03
11/24/2014,2069.41
11/21/2014,2063.5
11/20/2014,2052.75
11/19/2014,2048.72
11/18/2014,2051.8
11/17/2014,2041.32
11/14/2014,2039.82
11/13/2014,2039.33
11/12/2014,2038.25
11/11/2014,2039.68
11/10/2014,2038.26
11/7/2014,2031.92
11/6/2014,2031.21
11/5/2014,2023.57
11/4/2014,2012.1
11/3/2014,2017.81
10/31/2014,2018.05
10/30/2014,1994.65
10/29/2014,1982.3
10/28/2014,1985.05
10/27/2014,1961.63
10/24/2014,1964.58
10/23/2014,1950.82
10/22/2014,1927.11
10/21/2014,1941.28
10/20/2014,1904.01
10/17/2014,1886.76
10/16/2014,1862.76
10/15/2014,1862.49
10/14/2014,1877.7
10/13/2014,1874.74
10/10/2014,1906.13
10/9/2014,1928.21
10/8/2014,1968.89
10/7/2014,1935.1
10/6/2014,1964.82
10/3/2014,1967.9
10/2/2014,1946.17
10/1/2014,1946.16
9/30/2014,1972.29
9/29/2014,1977.8
9/26/2014,1982.85
9/25/2014,1965.99
9/24/2014,1998.3
9/23/2014,1982.77
9/22/2014,1994.29
9/19/2014,2010.4
9/18/2014,2011.36
9/17/2014,2001.57
9/16/2014,1998.98
9/15/2014,1984.13
9/12/2014,1985.54
9/11/2014,1997.45
9/10/2014,1995.69
9/9/2014,1988.44
9/8/2014,2001.54
9/5/2014,2007.71
9/4/2014,1997.65
9/3/2014,2000.72
9/2/2014,2002.28
9/1/2014,2003.37
8/29/2014,2003.37
8/28/2014,1996.74
8/27/2014,2000.12
8/26/2014,2000.02
8/25/2014,1997.92
8/22/2014,1988.4
8/21/2014,1992.37
8/20/2014,1986.51
8/19/2014,1981.6
8/18/2014,1971.74
8/15/2014,1955.06
8/14/2014,1955.18
8/13/2014,1946.72
8/12/2014,1933.75
8/11/2014,1936.92
8/8/2014,1931.59
8/7/2014,1909.57
8/6/2014,1920.24
8/5/2014,1920.21
8/4/2014,1938.99
8/1/2014,1925.15
7/31/2014,1930.67
7/30/2014,1970.07
7/29/2014,1969.95
7/28/2014,1978.91
7/25/2014,1978.34
7/24/2014,1987.98
7/23/2014,1987.01
7/22/2014,1983.53
7/21/2014,1973.63
7/18/2014,1978.22
7/17/2014,1958.12
7/16/2014,1981.57
7/15/2014,1973.28
7/14/2014,1977.1
7/11/2014,1967.57
7/10/2014,1964.68
7/9/2014,1972.83
7/8/2014,1963.71
7/7/2014,1977.65
7/4/2014,1985.44
7/3/2014,1985.44
7/2/2014,1974.62
7/1/2014,1973.32
6/30/2014,1960.23
6/27/2014,1960.96
6/26/2014,1957.22
6/25/2014,1959.53
6/24/2014,1949.98
6/23/2014,1962.61
6/20/2014,1962.87
6/19/2014,1959.48
6/18/2014,1956.98
6/17/2014,1941.99
6/16/2014,1937.78
6/13/2014,1936.16
6/12/2014,1930.11
6/11/2014,1943.89
6/10/2014,1950.79
6/9/2014,1951.27
6/6/2014,1949.44
6/5/2014,1940.46
6/4/2014,1927.88
6/3/2014,1924.24
6/2/2014,1924.97
5/30/2014,1923.57
5/29/2014,1920.03
5/28/2014,1909.78
5/27/2014,1911.91
5/26/2014,1900.53
5/23/2014,1900.53
5/22/2014,1892.49
5/21/2014,1888.03
5/20/2014,1872.83
5/19/2014,1885.08
5/16/2014,1877.86
5/15/2014,1870.85
5/14/2014,1888.53
5/13/2014,1897.45
5/12/2014,1896.65
5/9/2014,1878.48
5/8/2014,1875.63
5/7/2014,1878.21
5/6/2014,1867.72
5/5/2014,1884.66
5/2/2014,1881.14
5/1/2014,1883.68
4/30/2014,1883.95
4/29/2014,1878.33
4/28/2014,1869.43
4/25/2014,1863.4
4/24/2014,1878.61
4/23/2014,1875.39
4/22/2014,1879.55
4/21/2014,1871.89
4/18/2014,1864.85
4/17/2014,1864.85
4/16/2014,1862.31
4/15/2014,1842.98
4/14/2014,1830.61
4/11/2014,1815.69
4/10/2014,1833.08
4/9/2014,1872.18
4/8/2014,1851.96
4/7/2014,1845.04
4/4/2014,1865.09
4/3/2014,1888.77
4/2/2014,1890.9
4/1/2014,1885.52
3/31/2014,1872.34
3/28/2014,1857.62
3/27/2014,1849.04
3/26/2014,1852.56
3/25/2014,1865.62
3/24/2014,1857.44
3/21/2014,1866.52
3/20/2014,1872.01
3/19/2014,1860.77
3/18/2014,1872.25
3/17/2014,1858.83
3/14/2014,1841.13
3/13/2014,1846.34
3/12/2014,1868.2
3/11/2014,1867.63
3/10/2014,1877.17
3/7/2014,1878.04
3/6/2014,1877.03
3/5/2014,1873.81
3/4/2014,1873.91
3/3/2014,1845.73
2/28/2014,1859.45
2/27/2014,1854.29
2/26/2014,1845.16
2/25/2014,1845.12
2/24/2014,1847.61
2/21/2014,1836.25
2/20/2014,1839.78
2/19/2014,1828.75
2/18/2014,1840.76
2/17/2014,1838.63
2/14/2014,1838.63
2/13/2014,1829.83
2/12/2014,1819.26
2/11/2014,1819.75
2/10/2014,1799.84
2/7/2014,1797.02
2/6/2014,1773.43
2/5/2014,1751.64
2/4/2014,1755.2
2/3/2014,1741.89
1/31/2014,1782.59
1/30/2014,1794.19
1/29/2014,1774.2
1/28/2014,1792.5
1/27/2014,1781.56
1/24/2014,1790.29
1/23/2014,1828.46
1/22/2014,1844.86
1/21/2014,1843.8
1/20/2014,1838.7
1/17/2014,1838.7
1/16/2014,1845.89
1/15/2014,1848.38
1/14/2014,1838.88
1/13/2014,1819.2
1/10/2014,1842.37
1/9/2014,1838.13
1/8/2014,1837.49
1/7/2014,1837.88
1/6/2014,1826.77
1/3/2014,1831.37
1/2/2014,1831.98
1/1/2014,1848.36
12/31/2013,1848.36
12/30/2013,1841.07
12/27/2013,1841.4
12/26/2013,1842.02
12/25/2013,1833.32
12/24/2013,1833.32
12/23/2013,1827.99
12/20/2013,1818.32
12/19/2013,1809.6
12/18/2013,1810.65
12/17/2013,1781
12/16/2013,1786.54
12/13/2013,1775.32
12/12/2013,1775.5
12/11/2013,1782.22
12/10/2013,1802.62
12/9/2013,1808.37
12/6/2013,1805.09
12/5/2013,1785.03
12/4/2013,1792.81
12/3/2013,1795.15
12/2/2013,1800.9
11/29/2013,1805.81
11/28/2013,1807.23
11/27/2013,1807.23
11/26/2013,1802.75
11/25/2013,1802.48
11/22/2013,1804.76
11/21/2013,1795.85
11/20/2013,1781.37
11/19/2013,1787.87
11/18/2013,1791.53
11/15/2013,1798.18
11/14/2013,1790.62
11/13/2013,1782
11/12/2013,1767.69
11/11/2013,1771.89
11/8/2013,1770.61
11/7/2013,1747.15
11/6/2013,1770.49
11/5/2013,1762.97
11/4/2013,1767.93
11/1/2013,1761.64
10/31/2013,1756.54
10/30/2013,1763.31
10/29/2013,1771.95
10/28/2013,1762.11
10/25/2013,1759.77
10/24/2013,1752.07
10/23/2013,1746.38
10/22/2013,1754.67
10/21/2013,1744.66
10/18/2013,1744.5
10/17/2013,1733.15
10/16/2013,1721.54
10/15/2013,1698.06
10/14/2013,1710.14
10/11/2013,1703.2
10/10/2013,1692.56
10/9/2013,1656.4
10/8/2013,1655.45
10/7/2013,1676.12
10/4/2013,1690.5
10/3/2013,1678.66
10/2/2013,1693.87
10/1/2013,1695
9/30/2013,1681.55
9/27/2013,1691.75
9/26/2013,1698.67
9/25/2013,1692.77
9/24/2013,1697.42
9/23/2013,1701.84
9/20/2013,1709.91
9/19/2013,1722.34
9/18/2013,1725.52
9/17/2013,1704.76
9/16/2013,1697.6
9/13/2013,1687.99
9/12/2013,1683.42
9/11/2013,1689.13
9/10/2013,1683.99
9/9/2013,1671.71
9/6/2013,1655.17
9/5/2013,1655.08
9/4/2013,1653.08
9/3/2013,1639.77
9/2/2013,1632.97
8/30/2013,1632.97
8/29/2013,1638.17
8/28/2013,1634.96
8/27/2013,1630.48
8/26/2013,1656.78
8/23/2013,1663.5
8/22/2013,1656.96
8/21/2013,1642.8
8/20/2013,1652.35
8/19/2013,1646.06
8/16/2013,1655.83
8/15/2013,1661.32
8/14/2013,1685.39
8/13/2013,1694.16
8/12/2013,1689.47
8/9/2013,1691.42
8/8/2013,1697.48
8/7/2013,1690.91
8/6/2013,1697.37
8/5/2013,1707.14
8/2/2013,1709.67
8/1/2013,1706.87
7/31/2013,1685.73
7/30/2013,1685.96
7/29/2013,1685.33
7/26/2013,1691.65
7/25/2013,1690.25
7/24/2013,1685.94
7/23/2013,1692.39
7/22/2013,1695.53
7/19/2013,1692.09
7/18/2013,1689.37
7/17/2013,1680.91
7/16/2013,1676.26
7/15/2013,1682.5
7/12/2013,1680.19
7/11/2013,1675.02
7/10/2013,1652.62
7/9/2013,1652.32
7/8/2013,1640.46
7/5/2013,1631.89
7/4/2013,1615.41
7/3/2013,1615.41
7/2/2013,1614.08
7/1/2013,1614.96
6/28/2013,1606.28
6/27/2013,1613.2
6/26/2013,1603.26
6/25/2013,1588.03
6/24/2013,1573.09
6/21/2013,1592.43
6/20/2013,1588.19
6/19/2013,1628.93
6/18/2013,1651.81
6/17/2013,1639.04
6/14/2013,1626.73
6/13/2013,1636.36
6/12/2013,1612.52
6/11/2013,1626.13
6/10/2013,1642.81
6/7/2013,1643.38
6/6/2013,1622.56
6/5/2013,1608.9
6/4/2013,1631.38
6/3/2013,1640.42
5/31/2013,1630.74
5/30/2013,1654.41
5/29/2013,1648.36
5/28/2013,1660.06
5/27/2013,1649.6
5/24/2013,1649.6
5/23/2013,1650.51
5/22/2013,1655.35
5/21/2013,1669.16
5/20/2013,1666.29
5/17/2013,1667.47
5/16/2013,1650.47
5/15/2013,1658.78
5/14/2013,1650.34
5/13/2013,1633.77
5/10/2013,1633.7
5/9/2013,1626.67
5/8/2013,1632.69
5/7/2013,1625.96
5/6/2013,1617.5
5/3/2013,1614.42
5/2/2013,1597.59
5/1/2013,1582.7
4/30/2013,1597.57
4/29/2013,1593.61
4/26/2013,1582.24
4/25/2013,1585.16
4/24/2013,1578.79
4/23/2013,1578.78
4/22/2013,1562.5
4/19/2013,1555.25
4/18/2013,1541.61
4/17/2013,1552.01
4/16/2013,1574.57
4/15/2013,1552.36
4/12/2013,1588.85
4/11/2013,1593.37
4/10/2013,1587.73
4/9/2013,1568.61
4/8/2013,1563.07
4/5/2013,1553.28
4/4/2013,1559.98
4/3/2013,1553.69
4/2/2013,1570.25
4/1/2013,1562.17
3/29/2013,1569.19
3/28/2013,1569.19
3/27/2013,1562.85
3/26/2013,1563.77
3/25/2013,1551.69
3/22/2013,1556.89
3/21/2013,1545.8
3/20/2013,1558.71
3/19/2013,1548.34
3/18/2013,1552.1
3/15/2013,1560.7
3/14/2013,1563.23
3/13/2013,1554.52
3/12/2013,1552.48
3/11/2013,1556.22
3/8/2013,1551.18
3/7/2013,1544.26
3/6/2013,1541.46
3/5/2013,1539.79
3/4/2013,1525.2
3/1/2013,1518.2
2/28/2013,1514.68
2/27/2013,1515.99
2/26/2013,1496.94
2/25/2013,1487.85
2/22/2013,1515.6
2/21/2013,1502.42
2/20/2013,1511.95
2/19/2013,1530.94
2/18/2013,1519.79
2/15/2013,1519.79
2/14/2013,1521.38
2/13/2013,1520.33
2/12/2013,1519.43
2/11/2013,1517.01
2/8/2013,1517.93
2/7/2013,1509.39
2/6/2013,1512.12
2/5/2013,1511.29
2/4/2013,1495.71
2/1/2013,1513.17
1/31/2013,1498.11
1/30/2013,1501.96
1/29/2013,1507.84
1/28/2013,1500.18
1/25/2013,1502.96
1/24/2013,1494.82
1/23/2013,1494.81
1/22/2013,1492.56
1/21/2013,1485.98
1/18/2013,1485.98
1/17/2013,1480.94
1/16/2013,1472.63
1/15/2013,1472.34
1/14/2013,1470.68
1/11/2013,1472.05
1/10/2013,1472.12
1/9/2013,1461.02
1/8/2013,1457.15
1/7/2013,1461.89
1/4/2013,1466.47
1/3/2013,1459.37
1/2/2013,1462.42
1/1/2013,1426.19
12/31/2012,1426.19
12/28/2012,1402.43
12/27/2012,1418.1
12/26/2012,1419.83
12/25/2012,1426.66
12/24/2012,1426.66
12/21/2012,1430.15
12/20/2012,1443.69
12/19/2012,1435.81
12/18/2012,1446.79
12/17/2012,1430.36
12/14/2012,1413.58
12/13/2012,1419.45
12/12/2012,1428.48
12/11/2012,1427.84
12/10/2012,1418.55
12/7/2012,1418.07
12/6/2012,1413.94
12/5/2012,1409.28
12/4/2012,1407.05
12/3/2012,1409.46
11/30/2012,1416.18
11/29/2012,1415.95
11/28/2012,1409.93
11/27/2012,1398.94
11/26/2012,1406.29
11/23/2012,1409.15
11/22/2012,1391.03
11/21/2012,1391.03
11/20/2012,1387.81
11/19/2012,1386.89
11/16/2012,1359.88
11/15/2012,1353.33
11/14/2012,1355.49
11/13/2012,1374.53
11/12/2012,1380.03
11/9/2012,1379.85
11/8/2012,1377.51
11/7/2012,1394.53
11/6/2012,1428.39
11/5/2012,1417.26
11/2/2012,1414.2
11/1/2012,1427.59
10/31/2012,1412.16
10/30/2012,1411.94
10/29/2012,1411.94
10/26/2012,1411.94
10/25/2012,1412.97
10/24/2012,1408.75
10/23/2012,1413.11
10/22/2012,1433.82
10/19/2012,1433.19
10/18/2012,1457.34
10/17/2012,1460.91
10/16/2012,1454.92
10/15/2012,1440.13
10/12/2012,1428.59
10/11/2012,1432.84
10/10/2012,1432.56
10/9/2012,1441.48
10/8/2012,1455.88
10/5/2012,1460.93
10/4/2012,1461.4
10/3/2012,1450.99
10/2/2012,1445.75
10/1/2012,1444.49
9/28/2012,1440.67
9/27/2012,1447.15
9/26/2012,1433.32
9/25/2012,1441.59
9/24/2012,1456.89
9/21/2012,1460.15
9/20/2012,1460.26
9/19/2012,1461.05
9/18/2012,1459.32
9/17/2012,1461.19
9/14/2012,1465.77
9/13/2012,1459.99
9/12/2012,1436.56
9/11/2012,1433.56
9/10/2012,1429.08
9/7/2012,1437.92
9/6/2012,1432.12
9/5/2012,1403.44
9/4/2012,1404.94
9/3/2012,1406.58
8/31/2012,1406.58
8/30/2012,1399.48
8/29/2012,1410.49
8/28/2012,1409.3
8/27/2012,1410.44
8/24/2012,1411.13
8/23/2012,1402.08
8/22/2012,1413.49
8/21/2012,1413.17
8/20/2012,1418.13
8/17/2012,1418.16
8/16/2012,1415.51
8/15/2012,1405.53
8/14/2012,1403.93
